Workbook

Sheet Hoja1
A1: numeroPedido | B1: conductorOrigen | C1: tracto1 | D1: carreta | E1: conductorDestino | F1: tracto2 | G1: fechaHoraSalidaBase | H1: fechaHoraLlegadaTrujillo | I1: fechaHoraRegistro | J1: fechaHoraProgramacion | K1: fechaHoraIngresoPlanta | L1: fechaHoraInicioCarga | M1: fechaHoraTerminoCarga | N1: fechaHoraSalidaPlanta | O1: fechaHoraLlegadaBase | P1: fechaHoraSalidaBaseDepsa | Q1: fechaHoraLlegadaDepsa | R1: fechaHoraInicioDepsa | S1: fechaHoraSalidaDepsa | T1: bodega | U1: fechaHoraLlegadaCebafE | V1: fechaHoraCruceE | W1: fechaHoraAutorizacionNacionalizacion | X1: bodegaEcuatoriana | Y1: fechaHoraLlegadaTCI | Z1: fechaHoraSalidaTCI | AA1: bodegaDescarga | AB1: fechaHoraLlegadaPlantaDescarga | AC1: fechaHoraLlegadaAlmacen | AD1: fechaHoraIngreso | AE1: fechaHoraInicioDescarga | AF1: fechaHoraTerminoDescarga | AG1: fechaHoraSalida
A2: =Hoja2!A1 -> 0 | B2: =Hoja2!B1 -> 0 | C2: =Hoja2!C1 -> 0 | D2: =Hoja2!D1 -> 0 | E2: =Hoja2!E1 -> 0 | F2: =Hoja2!F1 -> 0 | G2: =TEXT(Hoja2!G1,"yyyy-mm-dd")&" "&TEXT(Hoja2!H1,"hh:mm:ss") -> 1900-01-00 00:00:00 | H2: =TEXT(Hoja2!I1,"yyyy-mm-dd")&" "&TEXT(Hoja2!J1,"hh:mm:ss") -> 1900-01-00 00:00:00 | I2: =TEXT(Hoja2!K1,"yyyy-mm-dd")&" "&TEXT(Hoja2!L1,"hh:mm:ss") -> 1900-01-00 00:00:00 | J2: =TEXT(Hoja2!M1,"yyyy-mm-dd")&" "&TEXT(Hoja2!N1,"hh:mm:ss") -> 1900-01-00 00:00:00 | K2: =TEXT(Hoja2!O1,"yyyy-mm-dd")&" "&TEXT(Hoja2!P1,"hh:mm:ss") -> 1900-01-00 00:00:00 | L2: =TEXT(Hoja2!Q1,"yyyy-mm-dd")&" "&TEXT(Hoja2!R1,"hh:mm:ss") -> 1900-01-00 00:00:00 | M2: =TEXT(Hoja2!S1,"yyyy-mm-dd")&" "&TEXT(Hoja2!T1,"hh:mm:ss") -> 1900-01-00 00:00:00 | N2: =TEXT(Hoja2!U1,"yyyy-mm-dd")&" "&TEXT(Hoja2!V1,"hh:mm:ss") -> 1900-01-00 00:00:00 | O2: =TEXT(Hoja2!W1,"yyyy-mm-dd")&" "&TEXT(Hoja2!X1,"hh:mm:ss") -> 1900-01-00 00:00:00 | P2: =TEXT(Hoja2!Y1,"yyyy-mm-dd")&" "&TEXT(Hoja2!Z1,"hh:mm:ss") -> 1900-01-00 00:00:00 | Q2: =TEXT(Hoja2!AA1,"yyyy-mm-dd")&" "&TEXT(Hoja2!AB1,"hh:mm:ss") -> 1900-01-00 00:00:00 | R2: =TEXT(Hoja2!AC1,"yyyy-mm-dd")&" "&TEXT(Hoja2!AD1,"hh:mm:ss") -> 1900-01-00 00:00:00 | S2: =TEXT(Hoja2!AE1,"yyyy-mm-dd")&" "&TEXT(Hoja2!AF1,"hh:mm:ss") -> 1900-01-00 00:00:00 | T2: =Hoja2!AG1 -> 0 | U2: =TEXT(Hoja2!AH1,"yyyy-mm-dd")&" "&TEXT(Hoja2!AI1,"hh:mm:ss") -> 1900-01-00 00:00:00 | V2: =TEXT(Hoja2!AJ1,"yyyy-mm-dd")&" "&TEXT(Hoja2!AK1,"hh:mm:ss") -> 1900-01-00 00:00:00 | W2: =TEXT(Hoja2!AL1,"yyyy-mm-dd")&" "&TEXT(Hoja2!AM1,"hh:mm:ss") -> 1900-01-00 00:00:00 | X2: =Hoja2!AN1 -> 0 | Y2: =TEXT(Hoja2!AO1,"yyyy-mm-dd")&" "&TEXT(Hoja2!AP1,"hh:mm:ss") -> 1900-01-00 00:00:00 | Z2: =TEXT(Hoja2!AQ1,"yyyy-mm-dd")&" "&TEXT(Hoja2!AR1,"hh:mm:ss") -> 1900-01-00 00:00:00 | AA2: =Hoja2!AS1 -> 0 | AB2: =TEXT(Hoja2!AT1,"yyyy-mm-dd")&" "&TEXT(Hoja2!AU1,"hh:mm:ss") -> 1900-01-00 00:00:00 | AC2: =TEXT(Hoja2!AV1,"yyyy-mm-dd")&" "&TEXT(Hoja2!AW1,"hh:mm:ss") -> 1900-01-00 00:00:00 | AD2: =TEXT(Hoja2!AX1,"yyyy-mm-dd")&" "&TEXT(Hoja2!AY1,"hh:mm:ss") -> 1900-01-00 00:00:00 | AE2: =TEXT(Hoja2!AZ1,"yyyy-mm-dd")&" "&TEXT(Hoja2!BA1,"hh:mm:ss") -> 1900-01-00 00:00:00 | AF2: =TEXT(Hoja2!BB1,"yyyy-mm-dd")&" "&TEXT(Hoja2!BC1,"hh:mm:ss") -> 1900-01-00 00:00:00 | AG2: =TEXT(Hoja2!BD1,"yyyy-mm-dd")&" "&TEXT(Hoja2!BE1,"hh:mm:ss") -> 1900-01-00 00:00:00

Sheet Hoja2
